id,baseMean,log2FoldChange,lfcSE,stat,pvalue,padj
ENSG00000194717,0.9029828943441407,-1.5259070725029673,0.3518974046390973,-4.336227128665309,1.4494916950376128e-5,3.536759735891775e-5
ENSG00000198972,53.73825421364359,1.1949604463984858,0.07356539070138159,16.24351389975074,2.482854219156179e-59,2.5242351228087818e-58
ENSG00000198973,6.39877973305699,-5.462436670494052,0.271706189330136,-20.10420404467463,6.779944398029032e-90,9.7312143124652e-89
ENSG00000198974,39024.5068608543,-0.7845145236964656,0.08855983425416247,-8.858581661805582,8.103886359269919e-19,3.3232744061543865e-18
ENSG00000198975,541.4834413186499,-1.8545988862261398,0.14334406937961391,-12.938092899502244,2.743556635052941e-38,1.8340488190490894e-37
ENSG00000198976,0.06258005804283709,-0.11259220750282072,0.8278778121337328,-0.13600099658744438,0.8918204931227552,NA
ENSG00000198984,1.2480618236818117,-0.15290202417927187,0.2044426977930852,-0.7478967252428981,0.45452245298402494,0.5826482528124819
ENSG00000198986,534.1622304057664,-1.8176067736290582,0.1424053993173166,-12.763608559384418,2.6178684406441253e-37,1.6809471039925437e-36
ENSG00000198987,82.83026625974483,-0.5720227775102457,0.09206480633126467,-6.213262160700273,5.189575855615784e-10,1.5164748608026962e-9
ENSG00000198995,22.410440851814663,-0.6912192690736185,0.08876569669519943,-7.787008887533472,6.8614127518831395e-15,2.358006635858431e-14
ENSG00000198997,29.67474431676255,-2.5067648901409654,0.09857834027760314,-25.429165099369186,1.2003771071812686e-142,3.25435571280255e-141
ENSG00000199004,16891.125340355717,-0.7449310722801583,0.0956977890525127,-7.784203581457758,7.015371550031494e-15,2.394056864626132e-14
ENSG00000199005,1.5338829431261198,0.8037179968863896,0.20910782266755273,3.843557771457311,1.2126343667941079e-4,2.6898435045251125e-4
ENSG00000199012,0.03937425350627726,-0.10706176703981826,1.2150695594838032,-0.088111636246818,0.9297879479650409,NA
ENSG00000199015,0.6609877316309534,-0.01747104261904113,0.2705754529407065,-0.064569946863841,0.948516413686313,0.9603236719479683
ENSG00000199020,1.038414093914152,-1.842003250695877,0.37329919299178693,-4.934388515370842,8.04022541805889e-7,2.0870372361769884e-6
ENSG00000199023,49.9316492165506,-0.3754945777095129,0.09824227570034064,-3.8221282541830504,1.3230484250163527e-4,2.9214824950587337e-4
ENSG00000199024,967.5842713804327,-0.8730459037013485,0.06986454265832155,-12.496265923775573,7.824084251696563e-36,4.895068095933234e-35
ENSG00000199025,0.7850200307437779,0.07205982310049473,0.24844787321153125,0.29004000786572326,0.7717856305966488,0.8513364927002365
ENSG00000199030,261.2328351477772,-1.360878575539142,0.10478305449265908,-12.987582602246842,1.4390086806240572e-38,9.753281057563053e-38
ENSG00000199031,0.09268645530696855,0.4192220805114558,1.0577066671107986,0.39635004065597024,0.691846816306436,0.8038601103750971
ENSG00000199032,409.24634623439147,-0.464814847321066,0.0760995263351164,-6.107986076998426,1.0089615273057716e-9,2.9307930078881938e-9
ENSG00000199035,964.6654763486107,-0.8734356819982019,0.06978576593021589,-12.515957521647277,6.106698842179926e-36,3.8702195259529927e-35
ENSG00000199036,1.6355211279269046,-1.9421152953721053,0.21550228915347103,-9.012040210807312,2.0225814607285566e-19,8.436066263551588e-19
ENSG00000199038,29.348188429729735,-2.2889861087365704,0.09279718894205916,-24.66654577398644,2.44558936387499e-134,5.683083855099977e-133
ENSG00000199043,73.32574347888881,1.75115177318617,0.1265935411608432,13.832868226359569,1.6145220277835401e-43,1.212133460859027e-42
ENSG00000199047,59.390079282850046,-0.8321746560190947,0.06859019983735466,-12.13255914099097,7.09955171026236e-34,4.277260783466706e-33
ENSG00000199051,141.87940088717545,0.08607330546953884,0.04402524386570441,1.9550898055692498,0.05057247131606696,0.08394342177632884
ENSG00000199053,16.594981331428592,-1.5934492870557502,0.10540057779384317,-15.118031802182676,1.2316921474623971e-51,1.1340863546446223e-50
ENSG00000199059,1.7354544420157543,1.1042499719568064,0.22835082104726628,4.83576090023446,1.3263727774945401e-6,3.4247085471816697e-6
ENSG00000199065,49.807718778225514,-2.1024591721451023,0.1425076981600407,-14.753302448152475,2.9297057066984346e-49,2.5082392716997124e-48
ENSG00000199066,21.938202350357543,1.0540479012423516,0.06963762918918738,15.13618303085501,9.348433712584151e-52,8.773145484117435e-51
ENSG00000199069,0.07442757302046143,0.5643524410096185,0.9704441586609686,0.581540355488686,0.5608763281297939,NA
ENSG00000199071,2844.617359278119,0.7724094390574899,0.08639268774898362,8.940680735639887,3.8678031295549867e-19,1.5995660400193503e-18
ENSG00000199072,85.91698193754534,0.2678826063845442,0.08341534292136431,3.2114308591535408,0.0013207574841562649,0.0026200392368628343
ENSG00000199075,833.1966706873676,-0.46942773055085385,0.08383225329869012,-5.5996076936916674,2.1483743460667534e-8,6.025325752187216e-8
ENSG00000199082,650.8518532922282,-0.534939198216829,0.06878998921135847,-7.776410555512936,7.461129400435334e-15,2.528493852369752e-14
ENSG00000199085,18366.413194911067,-2.72810468094592,0.056642145758808125,-48.163865340883326,0,0
ENSG00000199090,0.3999001150959317,0.5504576499770597,0.3743923372974331,1.470269541173202,0.14148876695849208,0.21050767766995163
ENSG00000199092,0.47119369776828185,-0.1934862762402448,0.34172079081298284,-0.5662116015239357,0.5712499442439478,0.6934576437588222
ENSG00000199094,16914.464992087058,0.15846516218244358,0.08476023140825296,1.8695697209601305,0.0615435932994262,0.09907423038302508
ENSG00000199095,0.19086548678626053,-0.3274846720123384,0.47962085970510115,-0.6827990596858007,0.4947338239456071,0.6238504033215924
ENSG00000199104,0.7389277963567824,-0.7372067879479319,0.32977362925191406,-2.2354934493102836,0.025384971208117845,0.043773377913644905
ENSG00000199107,59.09775136670134,0.2305034507704973,0.08597688614009583,2.680993242705968,0.007340399816800257,0.013672195078620325
ENSG00000199109,0.7943130363502278,0.6297967556530342,0.2655663956491329,2.371522775363203,0.017714954859803095,0.030985297389189644
ENSG00000199121,78.25431285888253,-0.9932502081787052,0.06649755149243557,-14.936643318238454,1.9032366428761455e-50,1.719962003191776e-49
ENSG00000199122,276.68418877550107,-0.6009285047747939,0.052010639294319073,-11.55395343968462,7.050109861170356e-31,3.909606377558107e-30
ENSG00000199127,2.7274568853092296,-2.2805955896626013,0.2086724496740567,-10.929068946211434,8.370280777910995e-28,4.2548927287714224e-27
ENSG00000199130,12.050315754640376,-0.3834382061819804,0.13466576659715265,-2.847332442914172,0.004408729596055953,0.008437098207354138
ENSG00000199132,1.5572650859485293,-1.6127195613363676,0.2290192140674324,-7.0418526580984535,1.897003727885112e-12,6.0112845403112646e-12
ENSG00000199133,17.426502585515767,-1.0863920810052081,0.14786928271392688,-7.346976066063569,2.0274115347606917e-13,6.59584552642145e-13
ENSG00000199135,11.641447246307136,-1.091294672566275,0.10500524417819913,-10.392763533926873,2.6748838296149704e-25,1.2797483420118682e-24
ENSG00000199143,0.5795919968151411,-0.03166984141082996,0.3435712265452406,-0.0921783867912459,0.9265563097666059,0.9499148721976967
ENSG00000199150,99.85931068570919,-2.040772366787457,0.1416976348955255,-14.40230366789206,5.004713440843386e-47,4.210862343330298e-46
ENSG00000199151,0.10709156028785648,0.23375504221937649,0.8928669623392281,0.2618027680260003,0.7934735049059509,0.862394366133862
ENSG00000199153,25184.982110391386,-0.35736788810948095,0.07898313735020525,-4.524609936991219,6.05069948696225e-6,1.5065006885906012e-5
ENSG00000199158,0.21733663384205534,-1.116904133860373,0.6820401979984896,-1.6375928239098398,0.10150666103036476,0.15528291718751724
ENSG00000199161,44.062815910887984,-0.15320508273797886,0.12247868211790386,-1.2508714176928872,0.21098139339435737,0.3028203528719012
ENSG00000199165,534.1139682002797,-1.9483052201340458,0.1441857317215051,-13.512468930678937,1.3201857779602475e-41,9.474274406538246e-41
ENSG00000199168,2.120080264067062,-2.8174863991286716,0.39476189727687194,-7.137179192227326,9.52656221207087e-13,3.0385374898631276e-12
ENSG00000199172,2.238224746653252,0.021201140645893648,0.16287665659188896,0.13016684581766788,0.8964344245770611,0.93275053132965
ENSG00000199177,3.0798228987724277,2.154890693173267,0.23598066960681288,9.131640726181983,6.746889354475859e-20,2.88814210963528e-19
ENSG00000199179,43.63649303892641,1.4998138672357177,0.06281968477657891,23.874902788351683,5.583770414674855e-126,1.2385818010733316e-124
ENSG00000199187,18.074469483810997,1.0983874483930471,0.14050139145740972,7.817626836286543,5.382848143273025e-15,1.862999924763997e-14
ENSG00000202560,0.8509663081325892,0.04079077056415026,0.24930581019570952,0.16361740840347352,0.8700323394714411,0.9130661971227167
ENSG00000202566,29.50301374891403,1.4399248448363233,0.10273996890195601,14.015235358017607,1.2578060340546922e-44,9.743005470137934e-44
ENSG00000202569,10499.400121022698,-0.6493184043749017,0.15567962826592166,-4.17086301918565,3.034482354018604e-5,7.051558994100376e-5
ENSG00000202601,10.206481523592087,-0.8701639111529927,0.13463603247569933,-6.463083434295719,1.0259068849774583e-10,3.052698535786583e-10
ENSG00000202609,0.09767191233055247,0.333774143927847,0.8129817718990626,0.41055550747242014,0.6813984940593109,0.7992806898219101
ENSG00000207547,11.246300691030166,-0.17502374880804308,0.0970600704230778,-1.8032518217339766,0.0713486752409385,0.11341418083901626
ENSG00000207548,0.5927426061559723,-1.88792599687501,0.3950694581065255,-4.778719179972537,1.7641538320310495e-6,4.531089842269222e-6
ENSG00000207550,28.36103923951421,1.642664281067781,0.07720994607626645,21.275293722458887,1.923050599067276e-100,3.351602472660109e-99
ENSG00000207556,0.5458854555331886,0.8081178535149168,0.2989784717515876,2.7029299092355994,0.006873123805250216,0.012850898149280098
ENSG00000207562,8.9350208803988,3.6939111739033827,0.18533850950370212,19.930618756970187,2.2081517361780328e-88,2.835731703302316e-87
ENSG00000207563,6720.82998666096,-1.7574774346893447,0.10355228949270835,-16.971883898454006,1.3260875659590669e-64,1.4707516640636925e-63
ENSG00000207568,7.742974904665401,-5.563647811281259,0.352746578448291,-15.772365066602147,4.821014564242055e-56,4.705310214700246e-55
ENSG00000207569,0.7332238016777785,0.3383102509083757,0.25885127550933196,1.3069676795785352,0.19122368851040214,0.27772964283653645
ENSG00000207571,0.3390780782605111,2.1952916470797113,0.5446990034589607,4.030283942395924,5.570951565573897e-5,1.2644764483721218e-4
ENSG00000207572,3.819333264378904,-0.7408442678537318,0.2153831751112839,-3.439657101679151,5.824516287815645e-4,0.0012146854480572797
ENSG00000207573,2.2207545647921303,0.2601136298921595,0.1864451470635464,1.3951214820491122,0.1629792091840182,0.2388404026480507
ENSG00000207581,932.6562076314638,2.7231321810184244,0.07378032055770356,36.90865206920135,3.357138055599008e-298,2.0478542139153948e-296
ENSG00000207582,50.35914863683777,-1.0943272559359263,0.08815311846069031,-12.413936966097397,2.1958398933205942e-35,1.356417554355e-34
ENSG00000207584,4.679666379069541,3.920449441432798,0.26398341167015016,14.851120442111103,6.841555168924136e-50,5.961926647205318e-49
ENSG00000207585,143.22723642647748,2.2487205056894104,0.06886342984078352,32.65478514341488,6.85307200656726e-234,3.0402719447316575e-232
ENSG00000207586,0.19977733998925587,-0.7450973120041076,0.7006661112133383,-1.0634128011612094,0.28759479004880284,0.391884164239189
ENSG00000207589,0.2098860934981654,1.3621536640430718,0.5359727763132709,2.541460544717865,0.011039040467834455,0.019952043512234126
ENSG00000207590,1.6239403161370995,3.1104237969849553,0.26179816389237903,11.88099928104767,1.4858043531277135e-32,8.431075864259584e-32
ENSG00000207595,3453.778009905922,-0.32933271845068635,0.10126906561692642,-3.25205645420353,0.0011457326275649833,0.0022914652551299665
ENSG00000207597,6.31545507016084,-4.38955670298741,0.26353836472662534,-16.656234121892663,2.726611665695708e-62,2.8925793323032723e-61
ENSG00000207600,2.2928016456428604,0.3532470640104819,0.20781289015680943,1.699832304646416,0.08916247320013437,0.1385709774575337
ENSG00000207602,301.10497947961994,-1.4364583457830156,0.06320873003431685,-22.725632123966793,2.5000508731393837e-114,4.6924031772769973e-113
ENSG00000207603,17.343363599385096,1.1772774025314052,0.14295388206439247,8.2353650389229,1.7901095096804484e-16,6.82479250565671e-16
ENSG00000207605,5868.001057604636,-1.5761651167355495,0.1106380699743031,-14.246137130751025,4.7377273827837095e-46,3.816216097375423e-45
ENSG00000207607,10.652185382039661,-3.678168511819282,0.18221985716148914,-20.185333086720455,1.317367499769435e-90,1.948107090568134e-89
ENSG00000207608,79.90731913977517,0.7637837868103323,0.08195774326758903,9.319238870653212,1.1717784874312898e-20,5.060423910322738e-20
ENSG00000207609,2.36715250959321,0.8564287547444328,0.20144652271750008,4.2513950759301595,2.1244303276442163e-5,5.057180487270134e-5
ENSG00000207611,81.48628990148671,2.1654198926844277,0.08430775066010243,25.684707227151595,1.7324707432525575e-145,5.63630481804832e-144
ENSG00000207613,77.44486784156942,0.7302785899352564,0.10755079446192871,6.790080850530245,1.1207072086131688e-11,3.461424796222952e-11
ENSG00000207614,1.9991357181693898,0.5118653172200988,0.16256176661420252,3.1487435691743935,0.0016397401218311235,0.003213627226721238
ENSG00000207615,4.679061400231809,5.738151748026927,0.2869687617862883,19.99573651260429,5.998670666850222e-89,7.911760230872726e-88
ENSG00000207616,4.679061400231809,5.738151748026927,0.2869687617862883,19.99573651260429,5.998670666850222e-89,7.911760230872726e-88
ENSG00000207617,9.09464021900101,-1.0114198667448138,0.1074887731968309,-9.409539588778502,4.9831487941864634e-21,2.171229117466959e-20
ENSG00000207619,1.118632580733228,3.3252407401771116,0.30534149276310724,10.890235421613431,1.283081615925862e-27,6.389222740528783e-27
ENSG00000207620,0.741167508701705,3.1337796181823645,0.37415990001761235,8.375509021770778,5.498569042718345e-17,2.146641354277242e-16
ENSG00000207621,2249.897174278293,3.956266309766355,0.12194636496212935,32.44267519573035,6.871316109357718e-231,2.794335217805472e-229
ENSG00000207624,28.68973813311242,-1.3041349225488603,0.11380535777725406,-11.4593455705432,2.1110384980835208e-30,1.132073392378855e-29
ENSG00000207625,0.6417320730672639,1.0532551915882822,0.2943842780261411,3.5778241917347025,3.4646635661351256e-4,7.415595702955882e-4
ENSG00000207628,0.06921234125499956,-0.15905643190103638,0.8682046717394094,-0.18320153885186302,0.8546398869734015,NA
ENSG00000207630,17.28628885035507,1.1871464908220595,0.14489553047484682,8.193120153061882,2.54539844162749e-16,9.555034150109348e-16
ENSG00000207631,18.592899385895823,0.20404601396921737,0.07859403641929408,2.5962022472118003,0.009426056352810243,0.01722814794071685
ENSG00000207633,47.54408811156727,-1.6624167483470575,0.08055868971042068,-20.6360946823098,1.3016454355265985e-94,2.0490418468934843e-93
ENSG00000207635,1.9441611846729057,-0.6693174144992011,0.23468522615742252,-2.8519793318827635,0.004344792549526145,0.008347475449483303
ENSG00000207638,88.87815601957281,-1.7598886116185501,0.15456154707118358,-11.38632890888463,4.891677100956584e-30,2.566815511039584e-29
ENSG00000207639,415.07700938449585,0.0972549553382129,0.07752283178496422,1.254533059473142,0.20964831728378147,0.30179462783034033
ENSG00000207647,0.7160378057251808,0.49077631188862264,0.31248312759281643,1.5705689957383315,0.11628279634776587,0.17677883058476554
ENSG00000207648,9308.555423957818,-7.533285736273168,0.11809821845630931,-63.788309720015995,0,0
ENSG00000207649,1.731768526777729,-2.4009805701347466,0.2929376299061629,-8.19621764163196,2.4806901688674223e-16,9.384316297731024e-16
ENSG00000207651,90.07287197010359,-0.61180351558965,0.047752889794844516,-12.811863705381477,1.4071376263789258e-37,9.15577548897221e-37
ENSG00000207654,4.525647240494652,-0.11142656524340341,0.15878375802311612,-0.7017503970852086,0.4828348376789661,0.6136026062170195
ENSG00000207656,0.29295049971011355,1.7415691834938023,0.4882936769609872,3.5666429152490275,3.615836530337003e-4,7.705363435827326e-4
ENSG00000207691,13.584476267240289,1.6850724192356021,0.1622913340525997,10.383009228881308,2.9628597189767466e-25,1.4037626629715071e-24
ENSG00000207692,0.06394244767397603,-0.1680917698270862,0.7929651028687627,-0.2119787733646404,0.8321235944139573,NA
ENSG00000207695,0.232310307939559,-0.028442935392229814,0.6972719239006794,-0.04079174052084919,0.9674619239894927,0.9732307044518583
ENSG00000207696,0.30562588990677014,-1.037619371637965,0.391289774010829,-2.6517927136251935,0.008006567917158786,0.014744170353107499
ENSG00000207698,0.3141374740754806,-0.6866091162813472,0.35409475450719863,-1.9390547517059835,0.05249467160183651,0.08654526939762236
ENSG00000207703,17.50451172687706,1.2077186839651843,0.14436045666330516,8.36599378998898,5.961033676996696e-17,2.308717805059038e-16
ENSG00000207707,0.14594203071026826,-0.6455252476956197,0.6602360575226258,-0.977718863337751,0.3282133895787986,0.4412345292409193
ENSG00000207708,0.6209105808674844,-1.1842134710430714,0.3233979621939331,-3.661783961189373,2.504650364874212e-4,5.408271584330156e-4
ENSG00000207709,16.528302187690205,1.0366822700213913,0.09196601150989682,11.272450038891051,1.795043131004399e-29,9.318947318405816e-29
ENSG00000207710,11.078683571748757,1.386379934477849,0.12499013337474858,11.09191499397132,1.3731625484847517e-28,7.053719196426935e-28
ENSG00000207712,0.13251785977826008,-0.13145146067368635,0.6410819203938228,-0.20504627644612788,0.8375359696902798,0.8963104237036328
ENSG00000207713,3.6357429149845886,-1.9537244161097551,0.23246365319073076,-8.404429635745128,4.299459852446301e-17,1.7058019577185323e-16
ENSG00000207717,0.21183660287981784,1.398525101000108,0.5808491183032292,2.407725271384531,0.016052255466595628,0.028382248796009663
ENSG00000207721,413.8328658155515,-1.4971180604703023,0.11216352076901057,-13.34763789693679,1.2226467010606199e-40,8.647124494457717e-40
ENSG00000207725,2530.688144409964,4.1775586862800775,0.10464807807386957,39.92007080465634,0,0
ENSG00000207726,22.21396702941044,-4.164840051648527,0.13001511182716904,-32.03350743708092,3.7258707771728213e-225,1.3986345686617977e-223
ENSG00000207730,425.39936315397426,-2.345274652134172,0.11366597341736424,-20.633040668403712,1.3865168763998502e-94,2.1144382365097715e-93
ENSG00000207732,10.480960051708967,2.567631207028295,0.14847297232506737,17.293593351163686,5.257060643763758e-67,6.108203795611224e-66
ENSG00000207737,1130.0082139353058,0.41626186620528594,0.055045735765948116,7.562109224503999,3.965851362558197e-14,1.3076590979245948e-13
ENSG00000207739,9.494956375187115,2.5629108063122206,0.15859116944156496,16.16048872920733,9.579915629091204e-59,9.540813932645934e-58
ENSG00000207741,0.10294163823593822,-0.1460536800109694,0.8743439679225772,-0.16704373263761385,0.8673356386510332,0.9121978268571211
ENSG00000207743,0.43671595066175106,-1.3360874494182196,0.4083574387425215,-3.2718577468124748,0.001068433198460637,0.0021456600857974934
ENSG00000207744,5689.926380555049,4.339228379862368,0.1188100812964482,36.52239214478248,4.89306045312381e-292,2.653126112360466e-290
ENSG00000207749,0.11279823617823005,0.24685906741307714,0.8209789021486844,0.30068868611238614,0.7636518969423578,0.8513364927002365
ENSG00000207751,0.43652247242947734,-1.3608654280218717,0.29093918277672653,-4.677491065430782,2.9040622332902744e-6,7.381158176279447e-6
ENSG00000207752,1584.3714028330467,-0.1496633925522877,0.058691957500191266,-2.549981273870444,0.01077287053490041,0.019543348777068405
ENSG00000207753,240.44873068914407,4.874543787662577,0.11650138107211132,41.841081563190755,0,0
ENSG00000207754,0.8500779864694012,0.3095881586829947,0.2559752967643797,1.209445452730404,0.22649175533452567,0.32130225756758296
ENSG00000207755,1.467967457964165,-1.5118374582857184,0.2337695128563426,-6.467213965641369,9.982625512787939e-11,2.9886633437058373e-10
ENSG00000207756,0.15879267295155555,0.46926922453255593,0.6644217779337905,0.7062821239723399,0.4800127078838953,0.6116088810635532
ENSG00000207757,417.82101782820143,-0.22453707901223902,0.05022058125728619,-4.4710171286530525,7.784846241396832e-6,1.9284289166505858e-5
ENSG00000207758,20.603254566140528,0.3099611558630315,0.0742583944924793,4.174089111156633,2.9918064496805226e-5,6.985653337053086e-5
ENSG00000207759,3451.885578635995,-0.328521463349565,0.10120479615051754,-3.246105677254358,0.0011699540128333103,0.0023303573806638996
ENSG00000207761,0.06603848312241879,0.3794899292572268,1.075444563733887,0.3528679599622111,0.724187431902108,NA
ENSG00000207762,0.06603848312241879,0.3794899292572268,1.075444563733887,0.3528679599622111,0.724187431902108,NA
ENSG00000207764,11.358739329628222,0.28528963460193396,0.24099487778216186,1.183799577930493,0.23649240935360133,0.3316330338061996
ENSG00000207767,0.741167508701705,3.1337796181823645,0.37415990001761235,8.375509021770778,5.498569042718345e-17,2.146641354277242e-16
ENSG00000207768,0.04910922473215935,0.19071678536501502,0.9167810667357187,0.20802871294460656,0.8352065480642881,NA
ENSG00000207771,2.2207545647921303,0.2601136298921595,0.1864451470635464,1.3951214820491122,0.1629792091840182,0.2388404026480507
ENSG00000207773,0.08071874633941888,0.49663750801610845,1.0609342412386413,0.46811337471423664,0.6397035152053316,0.7577070762626258
ENSG00000207778,3150.181198506816,-10.275137596513234,0.24609420630923007,-41.75286265618945,0,0
ENSG00000207779,0.6915766170931266,0.48050960768658035,0.29016265219421483,1.6560008810677689,0.09772164039508123,0.1509119003569609
ENSG00000207781,0.7616673390706449,1.098386859638676,0.3993459937547018,2.7504642010090126,0.005951089374979049,0.011169736980729908
ENSG00000207782,6.718672597704167,1.3173071538470493,0.12128607631764314,10.861157305452583,1.7649806558359048e-27,8.700106667150722e-27
ENSG00000207784,3.1783737668250853,-1.4249418941771883,0.17424236167244583,-8.177930329341516,2.887606379732646e-16,1.0756884834423902e-15
ENSG00000207785,140.77974516711976,-0.5386795022917459,0.07396836833855289,-7.282565701952654,3.2753033304424816e-13,1.0515447534578493e-12
ENSG00000207789,745.4241685745877,-0.6896170801337577,0.09112344750425959,-7.567943257431314,3.791795344041171e-14,1.258772876117069e-13
ENSG00000207797,1.741730664956022,-2.604198777809517,0.22778560169041503,-11.432675105377825,2.8712464872079787e-30,1.523009006258145e-29
ENSG00000207798,0.3522001462388548,-1.2369800701525704,0.48257208379975247,-2.5633063156340103,0.010368053077577996,0.018879141424843517
ENSG00000207799,0.2983677881109276,1.8420987413156913,0.5462379204989459,3.372337716197142,7.453299556052476e-4,0.0015477490141930248
ENSG00000207800,6.075328787271137,2.9848314142963486,0.17072750406619916,17.4830144130672,1.9301995006389374e-68,2.297408186126345e-67
ENSG00000207805,9.84886010500596,-3.5775529529133037,0.15341644672591445,-23.319227040271418,2.8296021954900653e-120,6.003677701735442e-119
ENSG00000207808,2.8550532025663258,1.5010960157879354,0.20600015469679542,7.2868683909356635,3.172425315211179e-13,1.0252606316708976e-12
ENSG00000207811,1.375811008610972,3.3605262186863967,0.2604339129027358,12.903566134036666,4.2974020151251673e-38,2.8339624099744346e-37
ENSG00000207812,22.419590405304398,-4.18619879992159,0.25118852666867464,-16.66556532434029,2.332725579343235e-62,2.5297112949322196e-61
ENSG00000207813,0.0941426166173092,0.5160197874326524,0.9255793057529914,0.5575100742046648,0.5771789779643561,0.6971864882341727
ENSG00000207819,2.562719436777327,-2.552505980646088,0.31677973164577544,-8.057668233333539,7.776352979485918e-16,2.853278386457991e-15
ENSG00000207820,0.6545860551578621,0.11900372757805834,0.31698000560384665,0.3754297604713469,0.7073408751769634,0.814109309165939
ENSG00000207827,35392.260694134115,0.3476950924356656,0.08364736777427273,4.15667703225212,3.229099703899456e-5,7.468249552146609e-5
ENSG00000207830,0.16068247539670905,-0.41636056562454093,0.6077906459947672,-0.6850394430521157,0.49331903160900004,0.6236779466973886
ENSG00000207833,0.05672804252682315,0.12835324858071404,1.1443235348456724,0.11216517415944278,0.9106924418713582,NA
ENSG00000207834,0.06885589406507797,-0.14573007840741162,1.0331529962284576,-0.14105372480107178,0.8878275003147924,NA
ENSG00000207835,0.224969303016324,-0.6459102943195345,0.58389943101119135,-1.1062012737381048,0.26863941168165423,0.3724319116495661
ENSG00000207836,0.14544308721957436,-0.4609513166588386,0.7795237135278275,-0.5913243031090721,0.5543031487663762,0.6830806479747262
ENSG00000207863,192.51918716931453,-0.0454939820415223,0.05276642524910402,-0.86217669335663,0.3885902929889829,0.5138059865933576
ENSG00000207864,46.11657201377979,-0.8347075586774438,0.06372387946220502,-13.09881893133191,3.3442112502478935e-39,2.331392985887103e-38
ENSG00000207865,67.01266322648148,-1.5092764118950364,0.10782660484648111,-13.997254332953164,1.6200979654259288e-44,1.2353246986372706e-43
ENSG00000207870,240.07787776237993,1.8632924634438273,0.07303480161804408,25.512391656630165,1.4363686012667696e-143,4.123222808342257e-142
ENSG00000207875,1257.9061479468564,-0.2976167359065263,0.054238425222092705,-5.4871935290868175,4.083696601615835e-8,1.1195752480834424e-7
ENSG00000207924,2.46569425172522,4.073587681734279,0.43145171830939244,9.441584095889784,3.6718561616001345e-21,1.6142935196944736e-20
ENSG00000207925,0.43243549076149085,2.380950772153841,0.5145119501186772,4.627590810290513,3.6994403414736496e-6,9.305808694016191e-6
ENSG00000207926,0.22743483736755685,-0.9920104015437318,0.6036162018163259,-1.643445617527659,0.10029076838651796,0.15390533010258103
ENSG00000207933,2.566340798898088,-2.5547276145945075,0.3167592431747771,-8.065203051343618,7.311424369804228e-16,2.7030114336851995e-15
ENSG00000207934,1.113449357479926,-0.117710723865764,0.23244761398439165,-0.5063967826904346,0.6125781326966235,0.7344917168450915
ENSG00000207935,259.2594341610646,2.6084733119706356,0.18310653941997077,14.24565894933919,4.770270121719279e-46,3.816216097375423e-45
ENSG00000207937,0.3623371773283027,-0.03151508422581594,0.39708908807361926,-0.07936527387016268,0.9367420889226075,0.9517336859964796
ENSG00000207938,0.3623371773283027,-0.03151508422581594,0.39708908807361926,-0.07936527387016268,0.9367420889226075,0.9517336859964796
ENSG00000207939,78.0977523258425,1.5202005594998045,0.11673497716779715,13.022665497373922,9.094006071665684e-39,6.250528116863175e-38
ENSG00000207942,1.5148055559444966,-1.4503739200197265,0.28801994177333956,-5.035671874279852,4.761756439234671e-7,1.2493210442723223e-6
ENSG00000207944,1.587535005687321,-0.036805111890538915,0.24361921646376572,-0.15107639054414682,0.8799154563340379,0.9175186809636977
ENSG00000207946,3.8504365956573494,5.590053838580625,0.26589695402766494,21.02338426185587,4.0081092462033024e-98,6.744680386714522e-97
ENSG00000207947,19.61742238611705,-0.05682098431119216,0.07572399452806668,-0.7503696109181321,0.45303212824467987,0.5826482528124819
ENSG00000207948,3.1236982645116047,2.368417252800915,0.1659405563566377,14.272684778221047,3.2386606499668923e-46,2.6787566053963444e-45
ENSG00000207949,38.712553537532756,-1.1211351727857781,0.0798219389785389,-14.045451502840704,8.214319241564997e-45,6.465464177231804e-44
ENSG00000207954,2.1455839904362053,-2.4724897524081553,0.2730202725109114,-9.056066531870234,1.3523959989305305e-19,5.689390064466369e-19
ENSG00000207956,0.14491685948001706,-0.10369309696895329,0.5714021212330527,-0.18147131961146662,0.8559976430169699,0.9070275776372331
ENSG00000207960,0.8374067287184775,0.6612286850661266,0.2774335402234317,2.3833768784178173,0.017154621785617413,0.030113149033745675
ENSG00000207962,16915.076001445726,0.15835963453092303,0.08475138905222952,1.8685196349210411,0.061689675888392845,0.09907423038302508
ENSG00000207964,8.992882734829335,0.9276514530401535,0.10958696497667193,8.46497987454644,2.5619692761984735e-17,1.0247877104793894e-16
ENSG00000207965,0.24265780217755378,0.09076677188054001,0.4662791567919105,0.1946618684502921,0.8456576653586986,0.903021752067932
ENSG00000207970,89.38729674210335,-0.130988373894338,0.052717781426689,-2.484709529677279,0.012965718101560933,0.023262023652800497
ENSG00000207971,101.96479976113444,-0.6884548744542657,0.10527273353667779,-6.539726397570962,6.163147881140555e-11,1.8565531888867845e-10
ENSG00000207973,16.970348075360427,0.9455275477148267,0.081656514512666,11.579327789801301,5.245576185158659e-31,2.9423461820200296e-30
ENSG00000207975,1118.5375986659456,0.43208803349896246,0.05604642509834474,7.709466442164278,1.2634483797981109e-14,4.2230329406950557e-14
ENSG00000207978,0.5800227057702814,1.5232918581498576,0.3000060027286826,5.077537930224289,3.823571921135612e-7,1.0140777703881406e-6
ENSG00000207980,64.32416401793657,1.5328534494376536,0.061628454523213735,24.872495364300754,1.4768270722650534e-136,3.7931137435018216e-135
ENSG00000207982,0.09017931408467744,-0.4803840163468092,0.8416538944991941,-0.5707619479770246,0.5681610201812393,0.6914278749337774
ENSG00000207988,2.953743718926344,-2.433558053348186,0.2368458139659906,-10.274861998184303,9.147525816771219e-25,4.251421522461291e-24
ENSG00000207989,0.16504015514362275,0.3599122963917909,0.6182577262420073,0.5821395853464982,0.5604726632524131,0.6854903751057082
ENSG00000207990,1343.1691419237675,2.5727761924640724,0.15018004707621518,17.131278372541786,8.672791220391125e-66,9.842609571048533e-65
ENSG00000207993,5.407015146482034,0.6075985981733821,0.12015745806333458,5.056686517561973,4.2660362392646477e-7,1.125311180951972e-6
ENSG00000207994,200.2329588378946,-2.656548929355954,0.23115880874567307,-11.492311038333643,1.4420178405585516e-30,7.818941179917481e-30
ENSG00000207996,39.920936086623676,0.06946046972148524,0.11924272058834696,0.5825132920379987,0.5602209909521917,0.6854903751057082
ENSG00000208000,1.3018181315186748,2.3854400187658666,0.296957726633352,8.032927938295822,9.517357362061718e-16,3.390124374223444e-15
ENSG00000208001,1.8269515160639878,0.3645063341731344,0.20951212180892362,1.7397863714328017,0.08189653642750265,0.12892099927942352
ENSG00000208005,0.56200562931714,-1.0902394435515284,0.2971579387244033,-3.6688888347777304,2.4360696968836853e-4,5.307151839639457e-4
ENSG00000208006,81.99414699729954,-0.6634486431627348,0.09450398185476977,-7.0203247539590254,2.2135313956763206e-12,6.9690536844519e-12
ENSG00000208008,6786.775013274829,1.4966373738405117,0.06704539429973183,22.322746990638517,2.222092315795514e-110,4.0162261115118917e-109
ENSG00000208009,53.32752920651703,-2.219514915917293,0.22039822003788678,-10.07047568503845,7.461632063937845e-24,3.4030621001884747e-23
ENSG00000208012,227.90748895457236,-1.4325398287650581,0.15742252200087303,-9.099967466898502,9.035889225897497e-20,3.8343599497721555e-19
ENSG00000208013,5.623670479623077,1.5908722022405102,0.14903109761689137,10.674766727747691,1.3359263765229492e-26,6.519320717431992e-26
ENSG00000208014,0.10889075809957212,0.9261898134654392,0.8871431509984345,1.044013936671956,0.2964789417157156,0.40078039766556567
ENSG00000208015,67.56657081745348,-1.4436031873708435,0.10529634196238262,-13.709908250056534,8.856976633447165e-43,6.54879484412457e-42
ENSG00000208017,457.2458182134214,0.3451342482698541,0.050318837134545456,6.858947223820255,6.936985882713111e-12,2.156209624690445e-11
ENSG00000208022,1.138412324471459,-3.28308249520109,0.574281416092388,-5.716853102334973,1.0851484681725577e-8,3.078793328303536e-8
ENSG00000208023,2.1833608889165745,-1.272241711952888,0.17042167238992534,-7.465257758074307,8.313670597006391e-14,2.722866611636993e-13
ENSG00000208024,1594.613897885424,-0.13964297014265406,0.05898837549537184,-2.3672964201838425,0.017918575040942047,0.03122951649992757
ENSG00000208027,3.472631291062453,0.8531035611820795,0.1552975467955905,5.4933485994145945,3.9438321990102574e-8,1.0873390469587602e-7
ENSG00000208028,1.1569029391623924,0.23384528439019672,0.21783825484582323,1.0734812604687023,0.28305524220465983,0.3869214515290588
ENSG00000208034,987.4529399378338,-0.9416569563222247,0.06074756575113891,-15.501147160033655,3.4075335154697584e-54,3.260541873625965e-53
ENSG00000208035,352.2831897321249,2.4382313593830887,0.06595481648627612,36.968207771307135,3.714224336599757e-299,2.5893449660866877e-297
ENSG00000208036,8.31231474501441,0.06622162991650893,0.08340183192566145,0.7940068987397574,0.42719141518700393,0.5559184282966877
ENSG00000208037,841.5347890686643,0.5868884577484634,0.05708954984137132,10.280138122987275,8.660340066750354e-25,4.06369803132132e-24
ENSG00000211137,142.75897619714405,2.7253937203607457,0.1064345904771956,25.606278073148424,1.2987038662515947e-144,3.961046792067364e-143
ENSG00000211514,153.92881636187417,0.6722911816375138,0.0583194161648477,11.527741974254202,9.561876856695953e-31,5.24291674839059e-30
ENSG00000211517,20.71508254307596,-0.15720621523086023,0.12939945339224615,-1.2148908755767611,0.22440771430981546,0.31927394922212815
ENSG00000211519,0.13072874863261125,0.24489773720383456,0.8077623939956536,0.3031804142211061,0.7617523742021145,0.8513364927002365
ENSG00000211520,0.07873496966039172,-0.24541222507834487,0.8291771131774331,-0.29597081392890523,0.7672523704688974,0.8513364927002365
ENSG00000211538,60.4108402909538,-0.5621192359666174,0.0700182291019955,-8.028184133988576,9.892592908037841e-16,3.498250245740918e-15
ENSG00000211543,3.219530489378615,2.1245724046139696,0.2004760149533523,10.597638850255105,3.055983019713619e-26,1.4765541719012337e-25
ENSG00000211563,15.133612587516218,-1.6948741578084014,0.12537036399673915,-13.518937839667473,1.2090888906109507e-41,8.806498188330506e-41
ENSG00000211568,0.132450555688491,0.9061795880482832,0.8357114350331157,1.0843211544812417,0.27822242890793525,0.3824578741044293
ENSG00000211574,0.2221510467932188,0.13195603825563085,0.4738243292856436,0.2784914790141169,0.7806351051932653,0.8544751295182121
ENSG00000211575,0.43375608948611805,1.2578038304641013,0.4043843145050045,3.1104169606670915,0.0018682341694381426,0.003646793098743254
ENSG00000211578,0.2359565034702226,-0.5110623685693839,0.4204295814343391,-1.2155718606332162,0.22414805890653572,0.31927394922212815
ENSG00000211580,2.698245325582098,-0.4196476170125256,0.20235720975553476,-2.07379622163943,0.03809824023403655,0.06411014218693048
ENSG00000211582,1.0591586751575695,0.5881121993289291,0.2900508133987181,2.027617824744664,0.042599268360610953,0.07119329780814433
ENSG00000211583,0.12570511129394382,1.0264930924204,1.1995712361350213,0.8557166606692962,0.3921545223845636,0.515825894672957
ENSG00000211590,0.40256376769719016,-1.9809848860997803,0.603555366691156,-3.2821924804679368,0.0010300326827108394,0.002077090699020205
ENSG00000211591,0.294014751394237,1.3202784535057726,0.4114923558293832,3.208512709415187,0.0013342341207534586,0.002636057696063513
ENSG00000211991,0.054046243526284156,0.015639014923004124,0.7811563224011794,0.02002033968685256,0.984027147092806,NA
ENSG00000211997,67.86050923304838,4.901591244476453,0.12196433928309797,40.188724616456184,0,0
ENSG00000212013,1.3018181315186748,2.3854400187658666,0.296957726633352,8.032927938295822,9.517357362061718e-16,3.390124374223444e-15
ENSG00000212014,1.2768389387388999,2.3503863311748443,0.30001515372192594,7.834225378339853,4.71741932340718e-15,1.644357592730503e-14
ENSG00000212017,0.09878570359909389,0.09838393951171413,1.1098737887084127,0.08864425893524878,0.9293646329676184,0.9507198190568061
ENSG00000212024,0.06850811116665681,0.12479947325355367,0.8116957637714426,0.15375153946065773,0.8778056452786767,NA
ENSG00000212027,4.681757563315626,-1.4488618722897502,0.25786427824910474,-5.618699426409522,1.9240023092689548e-8,5.4272435082268784e-8
ENSG00000212040,0.2479690575046942,-0.8033338782796527,0.46926433480127777,-1.7119005615882688,0.08691499518304194,0.13566753995266082
ENSG00000212102,3.139726153649931,-3.2471157803218946,0.37376530281297654,-8.687579494094122,3.702433323074948e-18,1.505656218050479e-17
ENSG00000215930,0.2352988787397315,0.18552332776198716,0.4567812382265949,0.4061535637546366,0.6846297711999147,0.7992806898219101
ENSG00000215938,0.1327469550831101,0.20133001343568802,0.5409124136631194,0.3722044611109193,0.7097406248504557,0.8149492351224056
ENSG00000215939,0.09432974802238497,0.08937161530652739,0.9316875642211438,0.09592444800016059,0.9235805774160478,0.9499148721976967
ENSG00000215946,1.7378707010412953,0.34316756505554086,0.2843905796945592,1.206676977219531,0.22755656882351769,0.3218771176402221
ENSG00000215996,0.07384380986048973,-0.4096197055504613,0.8973518229053518,-0.4564761502620427,0.6480476172858585,NA
ENSG00000216001,1.8958401138749075,-1.7580623750927713,0.33041062906245294,-5.320840858180955,1.0328872809112525e-7,2.7694999620037977e-7
ENSG00000216005,0.037088719668064075,-0.10831686493579476,1.4481364459345263,-0.0747974165278981,0.9403758973734616,NA
ENSG00000216009,110.8001883967487,-0.7070176470994355,0.08779349850068593,-8.053189121901909,8.066411482733374e-16,2.937618510129766e-15
ENSG00000216058,0.5637635148503787,-0.6169466767899994,0.36050263625206036,-1.711351359879198,0.08701627050242385,0.13566753995266082
ENSG00000216077,111.44356644177057,2.0590248060183387,0.09818200905189087,20.97150818058845,1.194179409720045e-97,1.942531839811273e-96
ENSG00000216101,7.009416799602222,1.066552829497144,0.15269285579501798,6.984955674212645,2.8494593160765725e-12,8.913693245162611e-12
ENSG00000216133,1.2678139131741135,0.34519507656929715,0.25172472744434576,1.3713196954225202,0.17027531862350911,0.2487854954738696
ENSG00000216135,5.4367631492747455,-5.41619710998683,0.2351976218912897,-23.028281776123745,2.4282813259396105e-117,4.7400051482341197e-116
ENSG00000216141,370.2865765651588,-1.340770711696412,0.11070948298286462,-12.110712430153194,9.268560382393107e-34,5.3845922221521855e-33
ENSG00000216179,0.17978867810162502,1.0312481105257092,0.7352311704543282,1.4026175058498411,0.16073092873971295,0.23696886170688797
ENSG00000216195,370.2924680198014,-1.340802788090153,0.11070492236806997,-12.111501091453487,9.1798626990313e-34,5.3845922221521855e-33
ENSG00000221011,0.08402710647112976,-0.24052041829306353,1.0611987507373895,-0.22664973750292713,0.8206961136150444,0.8802191284486629
ENSG00000221027,0.08402710647112976,-0.24052041829306353,1.0611987507373895,-0.22664973750292713,0.8206961136150444,0.8802191284486629
ENSG00000221035,150.44718040062483,2.8372071991644714,0.14162319513671437,20.033492369845245,2.812269620563484e-89,3.921107356671372e-88
ENSG00000221052,0.9850240855370239,1.0242099309201165,0.24969184379054724,4.101895822353212,4.097787749364245e-5,9.38835878727583e-5
ENSG00000221062,1.00431570849186,0.4530965259969587,0.27469889390824803,1.6494297430563996,0.09905962551695226,0.15249557492830504
ENSG00000221063,2.816056145729819,-1.774622880860878,0.22190620661257082,-7.997175509197078,1.273057151089419e-15,4.4694380556232836e-15
ENSG00000221120,0.10870436828849726,0.676893319242821,0.8661538990986866,0.7814931271996712,0.4345125173922202,0.562445911107171
ENSG00000221147,1.4224682084199347,1.3254563405454032,0.22523975956762113,5.884646401193999,3.989059019952563e-9,1.138398129670673e-8
ENSG00000221181,0.2302840282942271,-0.15882311014887,0.5003705027588029,-0.3174110169828068,0.7509317487595376,0.8448538797340774
ENSG00000221184,2.3725065083384935,1.3816726831541477,0.2043938155840851,6.759855620904267,1.3812931817869258e-11,4.239440708880628e-11
ENSG00000221203,0.07024017102029308,0.07166622791211992,0.8457150051350131,0.0847404001075739,0.9324677768217229,NA
ENSG00000221214,0.47081375896611094,-0.38138056979249396,0.3011347677956264,-1.266478037671587,0.2053419874922377,0.2973498216504807
ENSG00000221240,0.21565580215707894,-0.750897817676984,0.7587037607596798,-0.9897114743771933,0.32231516491935375,0.434502211272499
ENSG00000221265,0.1058995200583587,-0.06501231782304141,0.7534382085346736,-0.08628752442682831,0.9312378555515437,0.9507198190568061
ENSG00000221288,1.6053424743337468,0.10013863526495824,0.34208906137359624,0.29272679711789035,0.7697309855164808,0.8513364927002365
ENSG00000221333,0.03283739889546182,-0.04963320506196939,1.107178724934588,-0.044828539371456685,0.9642439768248372,NA
ENSG00000221365,0.3571178065165253,1.4135557547452304,0.40838789281855953,3.46130671257008,5.375599844582777e-4,0.0011307296224812046
ENSG00000221366,0.15131533440649206,0.009196197953692288,0.5899074937070361,0.015589220431668846,0.9875621054887108,0.9895899537546013
ENSG00000221390,1.7704457774099356,-3.8079196976625744,0.2556402671732268,-14.895617735692062,3.519169802541866e-50,3.1224633884371466e-49
ENSG00000221391,5.50230846201716,-0.5620369250041993,0.20205200468210305,-2.7816448833975973,0.005408418390609666,0.010229876645804329
ENSG00000221394,1.7623445462049858,0.9280871286948842,0.20962499103505244,4.427368722175373,9.538959193211747e-6,2.3510162051956222e-5
ENSG00000221406,3.6217953834175143,1.9978463720957809,0.18297111470295674,10.918916766393272,9.360550997615011e-28,4.709225656532088e-27
ENSG00000221419,0.2536629843469351,-0.7847944036265307,0.6755421737901387,-1.1617252542849115,0.24534708404173175,0.3420839343210431
ENSG00000221423,4.594114847186691,-0.48819236955339024,0.2123107700653345,-2.2994234790969794,0.02148090396491866,0.03730491507074842
ENSG00000221445,172.34620716854607,0.611029066176339,0.11663402523832798,5.2388577426507625,1.6157352159934452e-7,4.3086272426491873e-7
ENSG00000221463,0.19181288764140184,0.8981482921602318,0.5670849467659352,1.5837985072295409,0.11323957911821236,0.17269035815527384
ENSG00000221464,2.5607743039809083,1.0445539525785932,0.1939098105030672,5.386803018726434,7.172196366101915e-8,1.9444621259209638e-7
ENSG00000221502,0.11787730107237,0.6893095240086325,0.6552166473255316,1.052032983017543,0.29278441732189775,0.39688554348079474
ENSG00000221540,0.1687908040938932,0.9374073240253947,0.6109234531264734,1.5344104391934885,0.12492871103176398,0.1881642314305581
ENSG00000221542,0.01638413241341705,0.15078790110824908,1.6289684303592153,0.09256649686881763,0.9262479610585408,NA
ENSG00000221552,0.47965786730338955,-1.4670204810170777,0.34382506603733354,-4.266764194725071,1.9832859461818272e-5,4.767702176043014e-5
ENSG00000221566,0.10926463833785391,0.2817269250145107,0.707387637345504,0.39826385158737077,0.6904357034960404,0.8038601103750971
ENSG00000221585,0.42180711301336965,1.4718908654730687,0.4002646180875743,3.677294467109337,2.3572087092538392e-4,5.158376009488223e-4
ENSG00000221656,0.2733584799226724,1.2994910081372903,0.48889255749565863,2.658029843599797,0.007859893259851057,0.014528893601542862
ENSG00000221714,0.08402710647112976,-0.24052041829306353,1.0611987507373895,-0.22664973750292713,0.8206961136150444,0.8802191284486629
ENSG00000221755,0.2849675247017607,-0.48805052790800324,0.45961145956919586,-1.0618763256370152,0.28829183393825586,0.391884164239189
ENSG00000221760,1.082542015386494,-1.076939596176146,0.2594378596962093,-4.15105026474238,3.309530655526063e-5,7.6181649051732e-5
ENSG00000221767,88.07457766692099,-0.2582108595106525,0.06837968523027567,-3.7761340760943938,1.5928127500495232e-4,3.5013181172259794e-4
ENSG00000221792,0.1434352318719442,0.03850502734055857,0.8877436300594643,0.04337403957264032,0.9654033716402706,0.9732307044518583
ENSG00000221802,0.7639676208498648,1.082199471933804,0.2525953954035432,4.284319871329783,1.8329904215084725e-5,4.4282144836442306e-5
ENSG00000222071,0.23004049274688376,0.2146660432882891,0.6082540835612591,0.3529216639721407,0.724147169062695,0.823738504668054
ENSG00000222532,0.12148155342372248,-0.4459546234938324,0.5403356220042401,-0.825328935078674,0.4091848687002934,0.5353410614631184
ENSG00000222548,0.11217843121943889,0.630277062575445,0.7210832004637309,0.874069819086219,0.382080232389796,0.508052189117767
ENSG00000222730,0.07950658022790397,-0.2699341437909627,1.1125259302394757,-0.24263177734010954,0.8082906619094667,0.876546317804044
ENSG00000223109,0.38378490510385294,1.0089059781172496,0.3785277388053252,2.6653422581432653,0.007691000375770726,0.01427075354895861
ENSG00000238517,1.4224682084199347,1.3254563405454032,0.22523975956762113,5.884646401193999,3.989059019952563e-9,1.138398129670673e-8
ENSG00000238621,5.171503710574429,0.5334218275209414,0.15437554650458077,3.455351832585177,5.495751601302933e-4,0.0011510415370969234
ENSG00000238638,0.2196610293610666,-0.02807341166221608,0.6155348612991338,-0.04560815873688288,0.9636225662093019,0.9732307044518583
ENSG00000238648,5.1279744384374615,0.5161347375520076,0.1556714357572898,3.315539135623588,9.146653298700503e-4,0.001867601175634245
ENSG00000238705,0.4318987974350907,0.5372511065001035,0.36292006959122447,1.4803565619978996,0.13877811585457694,0.20710617901233502
ENSG00000238742,8.902014491842882,-0.05144051746370912,0.10542690710490495,-0.4879258898539372,0.6256023355070581,0.7446193651888887
ENSG00000239057,6.050852671186775,-0.5090151359287356,0.11954708698626205,-4.25786314632016,2.0639022523836193e-5,4.93717793707454e-5
ENSG00000239070,0.2143548558755277,-0.05916656822729692,0.6321105492367091,-0.09360161493704255,0.9254256267143308,0.9499148721976967
ENSG00000239594,0.25251400586221184,1.2201296907346375,0.5017702385929589,2.4316501794846768,0.015030215924201932,0.02667180134912925
ENSG00000239776,44.11805440567832,0.09241299742245511,0.1181738953318114,0.782008557498894,0.43420954443919973,0.562445911107171
ENSG00000241781,43.956719053486836,0.5470219391676634,0.14021651130441604,3.9012662209235502,9.569084487680856e-5,2.15194158063975e-4
ENSG00000251725,10.228076725006085,1.3496469392902206,0.11239442801453035,12.008130324002702,3.2204371176779845e-33,1.848909780502184e-32
ENSG00000251856,0.5742671328986297,0.12446071578621017,0.32734675709652394,0.38021062707369585,0.7037890712986604,0.8119363281176036
ENSG00000251862,0.7319694625106835,0.2783752718910205,0.28849486516485834,0.9649227958769558,0.3345834826395287,0.44856247123101645
ENSG00000251966,1.1432006656054232,-0.12491215744160418,0.38293880744742215,-0.3261935197277041,0.7442779440085228,0.8427091338193947
ENSG00000252584,1.9260207442902493,-1.3413669844986664,0.24201065899268187,-5.542594652986867,2.9802221054546717e-8,8.263343110578863e-8
ENSG00000252695,0.35566134759566936,-0.7372931930242769,0.37551611826423886,-1.9634129060352794,0.049598215396875714,0.08260726659957457
ENSG00000253008,0.7155441812326393,-0.4977158328853949,0.2883640488638112,-1.7259982124902697,0.08434773432153801,0.13235271494826545
ENSG00000253030,0.2120965238620407,-0.054581393895857915,0.5332684806011606,-0.10235255951060071,0.9184768378644046,0.9496116459276047
ENSG00000254324,277.2828332980269,-0.9074192456722212,0.03330996570692818,-27.24167456838558,2.0856304941171138e-163,7.269912008065368e-162
ENSG00000263378,0.5178753793336182,0.7386806062953523,0.33684587942012384,2.192933479153677,0.028312172167847136,0.0483088811815014
ENSG00000263403,0.20660549735919168,1.1737034655687681,0.6242497417438772,1.880182540868917,0.060083204219286805,0.09773534553003987
ENSG00000263407,0.06737678530044117,0.12474257820096536,0.9742861260099447,0.1280348502054848,0.8981213935218759,NA
ENSG00000263414,0.24007518546623588,0.7912764979709895,0.4418410536893563,1.7908623278979179,0.0733153903294469,0.1157861180607446
ENSG00000263436,0.06560152986562338,0.3225813801267281,1.3582740970485458,0.23749358161778947,0.8122738979192671,NA
ENSG00000263453,6.247681520576645,2.543829014324872,0.2618354397681378,9.715373199966743,2.592973878321602e-22,1.1608910574504052e-21
ENSG00000263456,0.249504469902054,-0.27890864309178015,0.4097396010915147,-0.6806973071404108,0.49606304061476547,0.6239143397422824
ENSG00000263468,0.23547369469729626,0.39967120706068743,0.6677831999988713,0.5985044353636974,0.5495034003229864,0.678880150272449
ENSG00000263511,0.08026373650902087,-0.3547224979581824,0.7779366692740817,-0.4559786316400095,0.6484053442087746,0.7661544987261065
ENSG00000263530,0.14199127944616094,-0.059867181323839426,0.6238795026617561,-0.09595952594758855,0.9235527177809798,0.9499148721976967
ENSG00000263572,211.75889203086223,6.8833243135457085,0.20228146877802997,34.02844736657021,8.458303034544472e-254,4.127651880857702e-252
ENSG00000263628,0.06927965918159291,0.29661721172316735,1.0701993565224204,0.27716070834411244,0.7816567083703527,NA
ENSG00000263641,0.01502112637698454,0.21099392506349565,1.8912112481450707,0.11156549818030205,0.9111679296504209,NA
ENSG00000263642,0.2780843061754734,-0.7540230393916593,0.38747764707870813,-1.9459781617763745,0.05165736291329019,0.08545353593791732
ENSG00000263721,0.291392833936376,0.07179841275644668,0.4233057590127276,0.16961359780198007,0.8653140280064293,0.9120372476612041
ENSG00000263735,0.13010923621396991,-0.4298900949281184,0.6148274549897101,-0.6992044539314093,0.4844242675340339,0.6140234871600222
ENSG00000263744,0.1428519373280869,-0.6618309584302541,0.602925248047727,-1.0976998567787033,0.27233557233353406,0.3754230488665667
ENSG00000263791,0.1411409194397125,0.3261815620382466,0.6215301334146648,0.5248040995956488,0.5997193813438777,0.7208449706793407
ENSG00000263813,0.25536906952327537,0.26625347819271117,0.5455647948362657,0.4880327336235448,0.6255266554701062,0.7446193651888887
ENSG00000263816,0.18834294653707834,0.6502887336446348,0.5461859798008412,1.190599461893462,0.23381086297807757,0.32881758251672005
ENSG00000263900,0.4547329291291653,-0.4573123752863051,0.36445425424676964,-1.2547867666724006,0.20955617778281885,0.30179462783034033
ENSG00000263963,11.94331233474879,-0.1745215198099733,0.1613769062071192,-1.0814528789267013,0.27949571057582856,0.38312895157585486
ENSG00000263980,2.8045148179197716,0.7418747767672691,0.22534262578868205,3.292207917480165,9.940409257505017e-4,0.002012829758366161
ENSG00000264021,0.4772393140645579,0.14284066633828774,0.38654932454066304,0.3695276573255572,0.7117344620804437,0.8153202288621045
ENSG00000264048,6.949188143735454,3.565448595515827,0.21623637402026116,16.488662518831116,4.426395259786925e-61,4.5959167803745097e-60
ENSG00000264052,0.14694400038514666,0.13035208688009953,0.8461350718760423,0.1540558844713577,0.877565672035871,0.9170279399432655
ENSG00000264063,2.766991615561349,-1.109418574703527,0.2808212905137201,-3.950621310350128,7.794857614627096e-5,1.7610604240453806e-4
ENSG00000264073,0.8503387511528407,1.4690810745364238,0.2946062739693161,4.986591272287133,6.145388134554194e-7,1.603716261851576e-6
ENSG00000264077,0.5170514571204592,-1.5644865099243856,0.33717222879954906,-4.640021853206903,3.483723363417709e-6,8.808585499211617e-6
ENSG00000264089,0.04241648168178009,0.012737279440929925,1.0609609626780725,0.01200541762514857,0.9904212927280528,NA
ENSG00000264103,0.20965824691660662,1.0239564898571063,0.562111759038168,1.821624389443841,0.06851199764509996,0.10961919623215995
ENSG00000264106,0.08402710647112976,-0.24052041829306353,1.0611987507373895,-0.22664973750292713,0.8206961136150444,0.8802191284486629
ENSG00000264141,1.0436307943912788,1.0761275031275415,0.24608977304633164,4.372906235826946,1.226033901631688e-5,3.006555497468662e-5
ENSG00000264147,0.4389933279098351,1.679613462588648,0.4150202660390461,4.047063722017435,5.18641259712095e-5,1.1826959567266465e-4
ENSG00000264157,0.6194461848290613,-0.28112834428704836,0.34436501065381747,-0.8163673299830698,0.41429007610480184,0.5405710083934313
ENSG00000264158,0.0844329651378065,0.45144103921470125,1.0028187444398715,0.4501721190571238,0.6525863382609056,0.7692322054862848
ENSG00000264208,0.2380266233748525,0.040738048285190384,0.3875370630013669,0.10512039279465431,0.9162802778439975,0.949351965154715
ENSG00000264249,0.6248333533097712,-0.9351849497827822,0.30752970385050693,-3.040958119081025,0.002358266309185717,0.004548750825623043
ENSG00000264268,1.068335800205749,1.6994778569207996,0.27869460940568996,6.097993285714776,1.0740825694085182e-9,3.101492863144124e-9
ENSG00000264292,2.9720434463776852,-0.12410873699075017,0.20496600711014018,-0.605508877987067,0.5448409275524904,0.6748283569685667
ENSG00000264297,0.08743517695639862,0.5321881533981303,1.0620091428590643,0.5011144743682825,0.6162905606503857,0.7371318470524221
ENSG00000264302,0.08776870402922998,0.5581882371352657,0.9585118382659349,0.5823488191289284,0.5603317482775021,0.6854903751057082
ENSG00000264326,0.09293803183362706,0.2693262184108488,0.8563749330272397,0.31449568176732473,0.7531445956649363,0.8449070406539976
ENSG00000264338,12.677929926842085,-0.06682484177985241,0.1630435207522603,-0.4098589227681776,0.6819094396205899,0.7992806898219101
ENSG00000264355,34.16922323407244,0.10172774067990294,0.15071554332215026,0.6749651591174158,0.49969790081400667,0.6268703742859518
ENSG00000264357,0.25810945062660884,1.3736230587707154,0.5535222624429178,2.4816039967540977,0.013079253830691554,0.023379765089294794
ENSG00000264405,0.6776747574491965,0.5647226540801358,0.3971139096673744,1.4220671709866615,0.1550067519986605,0.22991882971229888
ENSG00000264462,8.422948801026472,-2.052016758394362,0.24841625279314966,-8.26039655345348,1.4518930247248367e-16,5.578927528076538e-16
ENSG00000264500,0.09474063883680617,-0.0718329301494452,0.9247162602224093,-0.07768105011170476,0.9380817683694809,0.9517336859964796
ENSG00000264571,0.12258210257584172,0.6394845769396217,0.9886249396432669,0.6468424488364332,0.5177339161996642,0.6478311566806055
ENSG00000264574,2.371225093972601,1.383678955788727,0.20584999090795236,6.721782933706571,1.7951424773594422e-11,5.441177198455949e-11
ENSG00000264585,0.6370739267679553,0.2106056140006329,0.33346228275151224,0.6315725192752037,0.5276662482951494,0.6585706628338437
ENSG00000264594,0.07956986903965492,0.5701405614541861,0.9222713183484488,0.6181917946609915,0.5364489182361597,0.6661248653924833
ENSG00000264607,0.27887111524422237,1.10531694331861,0.44643904391353245,2.4758518735935,0.013291871157412014,0.023673113594222858
ENSG00000264614,0.40584539582255336,-1.7424226347377822,0.32133019262231677,-5.422530078851883,5.876132271263414e-8,1.6019846638975116e-7
ENSG00000264621,0.045948920453690506,0.1859863124072543,1.7901652091579388,0.1038933789215683,0.9172539615287036,NA
ENSG00000264624,49.64858112856942,0.09995168754108837,0.11616395419951374,0.8604363395672594,0.3895485613412088,0.5138059865933576
ENSG00000264652,0.21719869271613199,0.9932846107164386,0.488408356074878,2.0337174791582764,0.04198008879008197,0.07039959907065294
ENSG00000264661,1.0605541109470973,1.1122041654442103,0.23607339384591203,4.711264354381924,2.4618464543342282e-6,6.289953244581693e-6
ENSG00000264725,0.4470315367634842,1.2889097218111747,0.3878157159649741,3.323510803588949,8.889197953687223e-4,0.0018226590762182204
ENSG00000264732,0.44480672929846965,0.7156137753008488,0.39357451893098044,1.81824213936559,0.06902713196223068,0.11008248495937442
ENSG00000264737,0.40289509654724986,1.065196038635863,0.4061854815727023,2.622437499517584,0.008730327914316573,0.016016541436791307
ENSG00000264755,0.1121554735012177,-0.1538394862163406,0.8259737988994532,-0.18625225935897716,0.8522469438188967,0.9070275776372331
ENSG00000264759,0.1080607625193046,-0.1737289220497781,0.6366688654260322,-0.27287171005845556,0.7849518336455349,0.8569496528389733
ENSG00000264773,0.07819140326558717,0.6353384875074074,1.1767964700510265,0.5398881656059512,0.5892741597845905,0.7100389875922968
ENSG00000264796,0.09359382809660809,0.30246588196449165,0.7809917999014729,0.3872843248836283,0.6985457287900559,0.8077969565155149
ENSG00000264803,0.3873556702821713,1.000174558449232,0.35492385851441793,2.8179975351209094,0.00483241808160066,0.009175953400082187
ENSG00000264839,2.090405939602273,-0.9826028190690075,0.22779280219082682,-4.313581507487056,1.6063088034250607e-5,3.89989401030562e-5
ENSG00000264857,0.3400699630346336,0.09610734516411086,0.3455833641076237,0.278101769777843,0.7809342372236119,0.8544751295182121
ENSG00000264864,0.5100647914904464,0.18090488513430367,0.3217535640065287,0.5622467172753148,0.5739479356975055,0.6950039519116196
ENSG00000264882,0.6781391589959594,-0.3873580230919117,0.2937979378102164,-1.3184504492408384,0.18735290208064673,0.27292004840404654
ENSG00000264919,1.2771945481729252,3.0137915473145673,0.24427618761048964,12.337639525143588,5.679667342555252e-35,3.4645970789587035e-34
ENSG00000264944,0.44375135138319455,0.9140986661846866,0.40698415559312473,2.2460301061413817,0.02470207959219868,0.0427468611382729
ENSG00000265039,0.0769960449078493,0.04112293105627716,1.0664958909338291,0.038558921235289256,0.9692420540237768,0.9732307044518583
ENSG00000265072,0.2896610907927884,-0.3801654315599191,0.3956270968409454,-0.9609185887304318,0.3365931034723887,0.4500203684781526
ENSG00000265075,0.12235414912575461,0.25276909997835995,0.9622868797228417,0.262675409282482,0.7928007719277161,0.862394366133862
ENSG00000265083,0.8474626596997308,0.9073997371486625,0.27280999660152927,3.3261234868677683,8.806290487238005e-4,0.001813278378806813
ENSG00000265092,0.11451326830108546,-0.4072492590891087,0.8639155319349403,-0.47139939500448497,0.6373555479396218,0.7567627917141982
ENSG00000265134,0.39111460591034825,1.101510288826188,0.3902432983082396,2.8226244847801163,0.004763232612030127,0.00907991216668243
ENSG00000265144,0.026603777905485394,0.20056937174025558,1.6474927599974767,0.12174218704339725,0.9031032012832149,NA
ENSG00000265154,1.9438321434308043,1.0015270294972423,0.23752305383441363,4.216546618651362,2.480720220397852e-5,5.820151286318038e-5
ENSG00000265178,4.292245247878451,0.9252785402300001,0.17215209677018872,5.374773572843459,7.667897925772066e-8,2.0673669545728004e-7
ENSG00000265201,0.5467168361606726,-1.370733920282665,0.3242192451200845,-4.227799370068152,2.3598807274623315e-5,5.590397063114649e-5
ENSG00000265238,2.0909852434859624,-0.6426357009688929,0.20066646880315264,-3.2025066509706606,0.0013623715421576703,0.0026807956152134806
ENSG00000265258,3.1579612342786407,-4.6683176910889355,0.24445949099259373,-19.096487815359026,2.700534435587767e-81,3.379130268120078e-80
ENSG00000265314,0.20010142652159146,-1.0230225415821126,0.571213991221051,-1.79096198150759,0.07329939613603136,0.1157861180607446
ENSG00000265329,0.20972286017298122,0.24565006335021586,0.6725038012735937,0.36527683990038656,0.7149047648357174,0.8170340169551056
ENSG00000265370,0.07970745092679106,0.10359425022506703,0.8524550743772288,0.12152458626719895,0.9032755419927898,0.9378690733882583
ENSG00000265390,0.06275482210847198,-0.0785538192975466,0.9116626164053324,-0.0861654496783939,0.9313348956900944,NA
ENSG00000265395,0.5613557663776032,-1.4667029121162873,0.3477494653768447,-4.217699976984492,2.4680690647773337e-5,5.818443012615163e-5
ENSG00000265438,1.3587811488700117,-2.7639450024607353,0.2713795273956731,-10.18479554808453,2.3184672813822082e-24,1.0673698427495448e-23
ENSG00000265455,0.13186998308882233,6.455637387323397e-4,0.6618905027066008,9.753331345479384e-4,0.9992217968736856,0.9992217968736856
ENSG00000265538,0.7469157827552222,2.446204571256423,0.3041283208699635,8.04333040822709,8.74291758653252e-16,3.1604028016502735e-15
ENSG00000265573,1.3789315893263856,3.315719062418854,0.27366210251068385,12.116106073874104,8.678539593410087e-34,5.164789416566003e-33
ENSG00000265606,0.18176737594170758,0.478687973549353,0.6729794933701754,0.7112965227991702,0.47690050588848576,0.6092341541193221
ENSG00000265611,0.894536861223146,1.0136284880978557,0.28281430579681,3.584077846564468,3.3827119316366753e-4,7.272085562285011e-4
ENSG00000265649,0.6666452114373111,0.08788537321604807,0.29564136099580585,0.29727022267799286,0.7662602134808422,0.8513364927002365
ENSG00000265658,2.8045148179197716,0.7418747767672691,0.22534262578868205,3.292207917480165,9.940409257505017e-4,0.002012829758366161
ENSG00000265695,0.1611366506758187,0.7227289072587213,0.6263963063971216,1.1537885838051651,0.2485868556992313,0.3456136341345438
ENSG00000265710,33.32840573676886,3.1340151260644853,0.1762896111945532,17.777650678495096,1.053009004300984e-70,1.2846709852472005e-69
ENSG00000265764,1.298381150365277,1.0347142001307934,0.26547533407727625,3.8975907261862686,9.715442922232005e-5,2.1748330945179902e-4
ENSG00000265767,0.660183135572196,1.7020852718905632,0.374088567841371,4.549952653491185,5.365798772675505e-6,1.3428255390080238e-5
ENSG00000265820,0.16297986790195754,1.1245264894392406,0.6720630686000489,1.673245476472472,0.09427898114275213,0.14605759618305728
ENSG00000265867,0.6977725940794689,2.125139261294046,0.38292223925356916,5.549793256815229,2.860076180010859e-8,7.975526719115996e-8
ENSG00000265871,0.671176803699474,-1.153222394550574,0.3291895533615315,-3.5032168632764926,4.596750550170681e-4,9.75310551514475e-4
ENSG00000265904,0.16550800292224996,-0.8170605715346843,0.5322343503015559,-1.535151895159999,0.12474652144356005,0.1881642314305581
ENSG00000265954,0.1138766513634458,-0.12249701553932014,0.7942713645957064,-0.1542256475551937,0.8774318202919412,0.9170279399432655
ENSG00000265976,0.7224389580442393,2.703413178702182,0.2851318641146057,9.481273470072688,2.5119846164767797e-21,1.1144077207642441e-20
ENSG00000265979,0.41931649383321323,1.3965368420228865,0.6382978566282417,2.1879077730261898,0.02867632098800098,0.04875973742907484
ENSG00000266007,3.07311498509345,-0.4311461246388299,0.20747155981544768,-2.078097475250813,0.03770038216289493,0.06366016088405788
ENSG00000266019,4.830886919078286,0.6888793062397353,0.22281351088046736,3.091730405026013,0.0019899348523129763,0.003853524634637827
ENSG00000266041,0.16382779491631294,0.1305916617528441,0.5738767327023174,0.22756047476938723,0.819987950323855,0.8802191284486629
ENSG00000266077,0.4504198181577609,-0.6437593194398853,0.3423722482853128,-1.880290597920817,0.06006848398225135,0.09773534553003987
ENSG00000266104,7.807565704364719,1.3840161677548795,0.2047803914992429,6.758538537904867,1.3939057622267582e-11,4.251412574791612e-11
ENSG00000266107,0.12806019408453587,0.126854972156701,0.6976579833258775,0.18182974349688877,0.8557163416688788,0.9070275776372331
ENSG00000266124,0.23473732121416324,-0.41009137812576335,0.4852887023731534,-0.8450462088244359,0.3980850397420202,0.5222190843927577
ENSG00000266144,0.13862717183859657,0.1983955664148914,0.687268966847282,0.2886723771698786,0.7728321030045179,0.8513364927002365
ENSG00000266194,0.09176279046792227,0.3112227562306845,0.8668383952467306,0.35903203865594846,0.7195711216105485,0.8204455779110926
ENSG00000266204,7.528995121329487,-5.9420668071088825,0.24035504014605405,-24.722039544076665,6.198156537539093e-135,1.5123501951595384e-133
ENSG00000266206,0.18577937232110034,1.3514844861964954,1.1268742188051657,1.1993215069109362,0.230402955517833,0.3249613939095448
ENSG00000266228,0.056588969604251964,-0.14247013785479143,1.005906972810777,-0.14163351254708098,0.8873694945798406,NA
ENSG00000266235,0.4989934704685879,-0.9575728490685071,0.3091385849381357,-3.0975520226960187,0.0019512614498103577,0.003793687599631293
ENSG00000266239,5.675965178724884,0.2889716691114632,0.1495171401761734,1.932699279634248,0.053273253998582515,0.08753315808521303
ENSG00000266240,0.36714443440136724,0.2662342769724002,0.3486315851305599,0.763655068351588,0.44507282330170006,0.5745913697651577
ENSG00000266276,0.24695134445979774,1.492998881734788,0.668448404603788,2.2335289776325205,0.025514081592291696,0.04384109794731812
ENSG00000266297,6.280276843568437,0.33580366803469835,0.12093818213677791,2.776655495407672,0.005492135742602581,0.010348116765984787
ENSG00000266305,0.11877968129228908,-0.23465915686986205,0.8052250588698344,-0.29142058395352916,0.7707296736764744,0.8513364927002365
ENSG00000266320,0.541689354838353,-0.5394704123266729,0.2887472500930383,-1.8683135931263353,0.06171837302549103,0.09907423038302508
ENSG00000266374,0.10035702928413899,-0.23620441649314264,0.7347533322258436,-0.3214744406501578,0.7478508785668643,0.84479451097368
ENSG00000266382,0.11200933806042845,0.5906850595709945,0.9477278152435997,0.6232644542770621,0.5331107522667589,0.663668487515761
ENSG00000266383,0.7867323773336626,1.9979373131422677,0.3107829803714733,6.428721774770836,1.2868140821519654e-10,3.805850133879752e-10
ENSG00000266392,0.15532855444681995,1.1616497935499532,0.7731035108399286,1.5025798968211816,0.13294741062177418,0.19962565041054092
ENSG00000266398,1.2063701099502189,3.0580017401031565,0.3049681120335904,10.02728357306529,1.1565465089760693e-23,5.2258768183363126e-23
ENSG00000266407,0.04324535382243528,0.3017280774592854,1.1670713313910572,0.2585343923234318,0.7959945096292583,NA
ENSG00000266415,0.21060218904558792,-0.1572429187522892,0.46096050338236155,-0.34112015584523514,0.7330131281146488,0.8318846663254619
ENSG00000266437,0.17627420922931003,-0.15632037097996968,0.49337514753030154,-0.31683876207074047,0.751365950419241,0.8448538797340774
ENSG00000266459,0.06738289559904492,-0.057917772181060416,1.0336605225387667,-0.05603171536319193,0.9553165416340711,NA
ENSG00000266463,0.2168419250095211,0.804962610934968,0.5414452093663339,1.4866926459226313,0.13709600589973167,0.20522346895419957
ENSG00000266509,0.4286336875331268,1.5288423845658492,0.39342175844505,3.8860138051550743,1.0190371400359802e-4,2.2707311613587137e-4
ENSG00000266533,0.22804301232204455,1.243970086528768,0.49518044650777004,2.512155104874983,0.011999633526976358,0.021608196166658534
ENSG00000266555,0.06197292579711436,-0.32886527180314684,0.9904803030109313,-0.3320260592799667,0.7398695816954064,NA
ENSG00000266581,0.12893338463354675,0.6942284680611281,1.2085672399168192,0.5744227090822924,0.5656817893515469,0.6901317830088872
ENSG00000266618,0.6552202234657044,1.1048015740669515,0.31793623946084787,3.4749155237555165,5.110142487267392e-4,0.0010795452527214231
ENSG00000266620,0.5299012809158616,0.6060647209644108,0.32323782791058786,1.8749807993761696,0.06079536505688503,0.0985652430158136
ENSG00000266636,0.3650094879659698,1.7613347814654639,0.48091897237761827,3.662435633923091,2.4982853767319807e-4,5.408271584330156e-4
ENSG00000266638,8.97690000209112,0.16616640510341865,0.18138688472097408,0.9160883123332265,0.3596205774006814,0.47949410320090846
ENSG00000266665,0.35214658750308003,-1.381233671826363,0.5767506935590196,-2.3948539416624377,0.016626987139034183,0.02929230947237791
ENSG00000266700,0.2951354599872998,-0.35751839119696655,0.41552353811298987,-0.8604046664132647,0.3895660144252916,0.5138059865933576
ENSG00000266715,0.07030523084647285,0.43648448969087755,0.894495819213113,0.4879670539710878,0.6255731774958669,NA
ENSG00000266722,0.4331631570865417,-0.4205970373281847,0.3616732486115205,-1.1629199531424435,0.24486198107001525,0.3420839343210431
ENSG00000266738,0.10469343404478439,0.6238721352678152,0.83485892362913,0.7472785133035943,0.45489545967531886,0.5826482528124819
ENSG00000266750,3.2560334618007336,0.5885761936306694,0.17663065959022828,3.332242516651006,8.614914775563736e-4,0.0017813891569809757
ENSG00000266751,0.09870867332800287,0.357890037714012,0.9238674671294365,0.387382444395426,0.6984730985535881,0.8077969565155149
ENSG00000266780,0.2911394630293991,0.07499067002852296,0.4240257195609641,0.17685405995223177,0.8596230245549672,0.9080000778849004
ENSG00000266867,0.31252363827505725,1.1353738012520542,0.5948977942582748,1.9085190972470336,0.05632415728799229,0.09223553274006792
ENSG00000266868,0.4049042830601063,-0.8225277633702927,0.3705988159524539,-2.219455993825461,0.026455717889986734,0.04529961519408255
ENSG00000267195,8.931463647017116,0.16507589264916966,0.13499409831068498,1.2228378478387425,0.22139094719051422,0.3168292733987418
ENSG00000267200,0.5219926080838138,0.6722484125364487,0.30745339866228544,2.1865050621049185,0.02877867474477854,0.04876386553976364
ENSG00000267959,0.30700656896324885,0.6087053302369106,0.4313503323652382,1.4111623072113464,0.1581967614638396,0.2339394533162234
ENSG00000271748,55.65536332747889,2.453375275784143,0.10652226761458802,23.031571996390337,2.2507598453028253e-117,4.5765450187824113e-116
ENSG00000271886,5.126683239559498,0.15523016237840415,0.1412741460333565,1.0987867683995942,0.2718610849403967,0.3754230488665667
ENSG00000272036,31.940650424404474,-1.2900170989826971,0.16670850150048183,-7.738160246008621,1.0086567052899096e-14,3.394651532286041e-14
ENSG00000272045,0.07440941016443152,0.3986946365733567,0.8357993963590461,0.4770219245313786,0.6333465095565557,NA
ENSG00000272080,26.740628794031675,-0.0378039586041535,0.09258223359063504,-0.40832843557554305,0.6830325656085368,0.7992806898219101
ENSG00000272213,107.62073861194865,0.5824357721738924,0.06711313470107855,8.678417045606013,4.0131509357002754e-18,1.618526988943582e-17
ENSG00000272278,4.69760142613781,-0.04060363870674006,0.22508374105040263,-0.1803934771887755,0.8568436747761566,0.9070275776372331
ENSG00000272291,0.10066832049219211,0.21837323988727445,0.7752479993613861,0.28168178449626485,0.7781875230167968,0.8544751295182121
ENSG00000272458,6.562412655983542,0.19128101759133048,0.12348421507316688,1.5490321372492235,0.12137399478815539,0.1839456815422976
ENSG00000272543,1.1819723607114416,1.553841383108161,0.2450093327471919,6.341968143358286,2.268482315504287e-10,6.668791385337904e-10
